"Name","NetworkDomain","Nodes","Edges","Iteration_1","Iteration_2","Iteration_3","Iteration_4","Iteration_5","Iteration_6","Iteration_7","Iteration_8","Iteration_9","Iteration_10","Mean"
"7th_graders","Social,Offline",29,250,62,39,40,52,48,161,45,24,52,50,57.3
"add_health_comm1","Social,Offline",69,220,114,181,182,160,161,315,305,233,408,340,239.9
"add_health_comm10","Social,Offline",678,2795,1888,1959,1878,2058,1553,1863,2295,1954,2006,1841,1929.5
"add_health_comm11","Social,Offline",411,1590,828,815,870,1159,1357,996,942,1701,975,993,1063.6
"add_health_comm12","Social,Offline",581,2805,1852,1439,1449,1557,1519,1145,1355,1498,1792,1335,1494.1
"add_health_comm13","Social,Offline",652,2350,1766,1523,1751,2032,1817,2190,1812,1834,1474,1804,1800.3
"add_health_comm14","Social,Offline",562,2688,1839,1484,2212,1702,1442,2234,2161,1478,1571,1476,1759.9
"add_health_comm15","Social,Offline",1062,4391,2444,2842,2594,2372,2455,2512,2869,2639,2720,2669,2611.6
"add_health_comm16","Social,Offline",778,3462,1909,2197,1911,1838,1891,1755,2037,2204,2056,2511,2030.9
"add_health_comm17","Social,Offline",1218,5337,3667,2976,2614,3203,3206,3033,2929,3083,3136,3309,3115.6
"add_health_comm18","Social,Offline",284,1189,752,881,911,970,953,821,1172,715,600,697,847.2
"add_health_comm19","Social,Offline",492,2096,1463,1073,1581,1202,1402,1514,1267,1715,1266,1601,1408.4
"add_health_comm2","Social,Offline",103,348,502,370,348,334,381,788,361,438,236,411,416.9
"add_health_comm20","Social,Offline",910,4075,2053,2335,2053,2420,1950,2271,2438,3291,2239,2571,2362.1
"add_health_comm21","Social,Offline",377,1531,998,1418,839,1202,1266,1472,1183,1437,989,958,1176.2
"add_health_comm22","Social,Offline",612,2449,1524,1673,1826,1692,1517,1706,1671,1655,1833,1715,1681.2
"add_health_comm23","Social,Offline",667,2897,1534,1686,1809,1574,2193,2155,1430,1332,1570,2550,1783.3
"add_health_comm24","Social,Offline",849,3003,2651,3436,2894,2651,2818,2334,2399,2224,2281,2150,2583.8
"add_health_comm25","Social,Offline",790,2567,2056,1749,2162,2513,2518,2476,1949,2281,1752,1952,2140.8
"add_health_comm26","Social,Offline",551,2066,1401,2065,1216,1603,2421,1733,1813,1541,1693,2296,1778.2
"add_health_comm27","Social,Offline",1152,2530,4180,3792,4155,4018,5723,4257,5812,4441,5007,3819,4520.4
"add_health_comm28","Social,Offline",1136,4715,3175,2758,3624,2924,3293,3035,3037,2990,3275,3209,3132
"add_health_comm29","Social,Offline",569,2534,1593,1512,1682,1712,1325,2001,1353,1762,1461,1558,1595.9
"add_health_comm3","Social,Offline",32,91,59,32,60,113,49,62,51,94,84,78,68.2
"add_health_comm30","Social,Offline",718,2740,1790,1889,1813,1648,2125,1738,2026,2368,1982,1893,1927.2
"add_health_comm31","Social,Offline",728,1635,2454,3341,3369,3129,2578,2700,2719,2282,2383,3512,2846.7
"add_health_comm32","Social,Offline",853,3440,3494,2703,2560,2533,2257,2291,1832,1993,2153,1838,2365.4
"add_health_comm33","Social,Offline",1974,4833,5791,5567,5012,5057,5220,5387,5137,4947,5227,5053,5239.8
"add_health_comm34","Social,Offline",1605,5748,3957,3896,3897,4001,3946,3963,3923,3622,3810,4250,3926.5
"add_health_comm35","Social,Offline",851,3151,2154,2272,2569,2144,2043,2134,2347,2052,2029,2495,2223.9
"add_health_comm36","Social,Offline",2152,7986,6192,5608,5602,5817,5531,6284,5464,5299,6054,5460,5731.1
"add_health_comm37","Social,Offline",358,694,1454,1119,1310,1405,1018,1233,1447,961,2187,1038,1317.2
"add_health_comm38","Social,Offline",521,1925,1547,1452,1030,1555,1134,1203,1735,1388,1890,1201,1413.5
"add_health_comm39","Social,Offline",987,3915,1989,2381,2451,2238,2417,2575,2944,2889,2183,2595,2466.2
"add_health_comm4","Social,Offline",281,1136,786,1173,1220,811,793,815,973,695,865,839,897
"add_health_comm40","Social,Offline",1996,8522,5469,5061,5532,4795,5222,4920,4633,5265,4889,4898,5068.4
"add_health_comm41","Social,Offline",2064,8646,4989,6344,4618,4797,5567,5199,4780,5219,5303,6826,5364.2
"add_health_comm42","Social,Offline",1405,4931,3502,3366,3753,3075,3203,2656,3137,3229,3067,3783,3277.1
"add_health_comm43","Social,Offline",1638,5242,4483,3696,3812,4212,4250,4764,4146,4131,4015,4019,4152.8
"add_health_comm44","Social,Offline",1127,5096,3031,2765,2639,2916,2951,3147,3921,2836,2619,3916,3074.1
"add_health_comm45","Social,Offline",921,2745,1972,2354,2095,2250,2655,2771,2339,3009,1813,2848,2410.6
"add_health_comm46","Social,Offline",1519,5749,3906,3766,3961,3972,4286,4179,3995,3382,3348,3970,3876.5
"add_health_comm47","Social,Offline",985,4378,2413,2585,2295,3277,2420,3051,3041,2725,2314,2637,2675.8
"add_health_comm48","Social,Offline",1171,4990,2950,3183,2944,2877,2644,3110,4039,3401,3003,4081,3223.2
"add_health_comm49","Social,Offline",1877,7031,5542,5253,4503,5403,5510,5025,4915,4619,4565,4752,5008.7
"add_health_comm5","Social,Offline",157,730,358,798,373,433,505,361,448,509,551,396,473.2
"add_health_comm50","Social,Offline",2539,10455,6195,7623,6398,6138,7052,7527,6143,7224,5924,6691,6691.5
"add_health_comm51","Social,Offline",676,1665,2600,1682,2107,1936,1557,2546,2549,3108,2085,2312,2248.2
"add_health_comm52","Social,Offline",1719,5438,4375,4157,5218,4566,3972,4606,4101,4618,4687,4310,4461
"add_health_comm53","Social,Offline",579,1510,1552,1432,1352,2249,1312,1630,1485,1496,1509,2457,1647.4
"add_health_comm54","Social,Offline",1035,3037,2243,2704,2882,2685,2953,2765,2984,3076,3035,3139,2846.6
"add_health_comm55","Social,Offline",331,800,847,1142,1268,1457,1032,1043,1047,1024,1136,911,1090.7
"add_health_comm56","Social,Offline",444,1393,1382,1178,1452,976,1385,1220,966,1531,1711,1052,1285.3
"add_health_comm57","Social,Offline",1180,3480,3233,4076,4349,3117,2973,3442,2935,3360,3191,3196,3387.2
"add_health_comm58","Social,Offline",1703,5605,4865,3974,4568,4242,4530,5044,4171,4440,4391,4105,4433
"add_health_comm59","Social,Offline",971,3339,2530,2539,2745,2948,3467,2459,2601,2624,2711,3301,2792.5
"add_health_comm6","Social,Offline",108,378,239,346,303,376,424,608,281,403,416,223,361.9
"add_health_comm60","Social,Offline",1131,3699,3043,2984,2986,2728,3610,2637,2978,3115,3405,2861,3034.7
"add_health_comm61","Social,Offline",1710,4399,5136,5017,4134,5533,4802,4900,5070,4959,5019,4549,4911.9
"add_health_comm62","Social,Offline",1040,2737,3343,3600,3614,2842,3538,3324,2644,2789,3267,2890,3185.1
"add_health_comm63","Social,Offline",96,282,296,282,305,282,556,559,341,630,309,365,392.5
"add_health_comm64","Social,Offline",694,2861,1483,1961,1708,1837,2002,1879,2022,1890,1817,1638,1823.7
"add_health_comm65","Social,Offline",557,1869,1866,1872,1596,1877,1834,1241,1577,1686,1539,1459,1654.7
"add_health_comm66","Social,Offline",644,2865,1399,1777,1564,1824,1536,1553,1981,1478,2643,1853,1760.8
"add_health_comm67","Social,Offline",439,913,1517,2218,1048,1722,2076,1346,1233,2005,2026,1123,1631.4
"add_health_comm68","Social,Offline",1385,3871,3830,3595,4015,3823,4560,4130,3854,4583,4487,3991,4086.8
"add_health_comm69","Social,Offline",891,3678,2425,2384,2832,2403,2067,2052,1905,2059,1976,2919,2302.2
"add_health_comm7","Social,Offline",437,1698,1857,1456,1232,1160,1143,1395,1063,1783,1417,1064,1357
"add_health_comm70","Social,Offline",76,344,108,219,520,157,212,131,158,115,196,308,212.4
"add_health_comm71","Social,Offline",74,358,142,215,227,123,166,223,171,324,167,164,192.2
"add_health_comm72","Social,Offline",352,1398,819,1042,859,894,754,763,699,1474,1059,973,933.6
"add_health_comm73","Social,Offline",1630,6813,4311,3820,4071,4364,3977,3706,3762,4344,5110,4116,4158.1
"add_health_comm74","Social,Offline",654,1677,1726,1823,2124,1912,1901,1953,1658,1614,1599,2668,1897.8
"add_health_comm75","Social,Offline",994,4396,2351,2456,2637,2487,2440,2576,2398,3182,2506,3094,2612.7
"add_health_comm76","Social,Offline",43,185,104,71,100,58,63,82,105,127,85,83,87.8
"add_health_comm77","Social,Offline",25,106,31,84,53,30,67,61,40,43,31,40,48
"add_health_comm78","Social,Offline",430,1333,1634,1614,1375,1275,1219,1475,1547,995,939,1262,1333.5
"add_health_comm79","Social,Offline",1190,4154,2832,2512,3013,3520,2772,3062,3399,2948,3159,3155,3037.2
"add_health_comm8","Social,Offline",204,809,642,567,655,706,449,475,504,670,527,789,598.4
"add_health_comm80","Social,Offline",594,1745,1764,2156,2277,1992,1728,2330,1480,1299,2057,1687,1877
"add_health_comm81","Social,Offline",1290,3795,3337,3418,2996,3591,3403,3571,3496,3157,4011,3472,3445.2
"add_health_comm82","Social,Offline",921,4020,2333,1973,2511,3043,2270,2269,3698,2334,2469,2122,2502.2
"add_health_comm83","Social,Offline",1260,3583,3276,3538,3579,3365,3829,3515,3350,3961,3735,3307,3545.5
"add_health_comm84","Social,Offline",1545,4003,4755,4677,4994,5456,4226,4828,4154,3845,4953,4740,4662.8
"add_health_comm9","Social,Offline",248,1004,625,942,771,1025,610,679,786,688,1080,774,798
"adjnoun","Informational",112,425,134,228,342,229,215,192,144,219,240,281,222.4
"advogato","Social,Online",5042,39227,8694,8663,8431,8697,8482,8308,8165,8749,8266,8327,8478.2
"aids_blogs_(2005)","Informational",146,180,177,392,443,352,352,481,357,461,470,265,375
"amazon_pages_(2012)","Informational",2879,3886,2785,2734,2547,2753,2685,2759,2842,2743,2767,2891,2750.6
"amazon_political_books_(2004)","Economic",105,441,424,397,277,186,181,377,472,392,709,415,383
"anaheim_traffic_network_(1992)","Transportation",416,634,3109,2403,3996,3977,3207,5117,2731,3049,1889,4044,3352.2
"anybeat","Social,Online",12645,49132,20215,20141,20081,19327,20011,20013,20542,19921,19341,20008,19960
"barcelona_traffic_(2016)","Transportation",930,1798,4361,6727,4083,4999,6060,3756,4601,4920,4621,4387,4851.5
"berlin_traffic_(2005)_1","Transportation",224,376,1413,1069,1969,1289,2672,1875,1955,1406,1419,1081,1614.8
"berlin_traffic_(2005)_2","Transportation",397,644,9448,3923,2581,2094,2806,3038,2385,1886,2821,3419,3440.1
"berlin_traffic_(2005)_3","Transportation",974,1611,4554,7572,6707,4479,5580,7684,4821,5569,5096,5515,5757.7
"berlin_traffic_(2005)_4","Transportation",350,553,1685,2913,2916,3533,1464,1874,1518,2990,2673,1475,2304.1
"berlin_traffic_(2005)_5","Transportation",359,595,3370,2948,2205,3546,2157,3141,1454,2934,2742,4928,2942.5
"bible_nouns","Informational",1707,9059,3970,3401,2627,2869,2902,2711,2719,2748,3045,2955,2994.7
"bitcoin","Social,Online",3775,14120,5677,6177,5612,5756,5797,5509,5874,5900,6065,5812,5817.9
"bitcoin_alpha","Economic",5875,21489,9084,9255,8431,9373,9036,8507,9426,8961,8776,8478,8932.7
"blumenau_drug","Biological",75,181,187,225,530,139,83,156,173,170,436,284,238.3
"c._elegans_interactomes_(2009)_1","Biological",345,400,1406,1192,1232,1224,1254,2827,1566,1118,1462,947,1422.8
"c._elegans_interactomes_(2009)_2","Biological",683,1543,1344,2211,1505,1820,1859,1862,1627,2507,2540,1780,1905.5
"c._elegans_interactomes_(2009)_3","Biological",117,123,115,167,197,166,368,214,697,165,127,206,242.2
"c._elegans_interactomes_(2009)_4","Biological",1084,1602,2641,2009,1945,2019,2019,2154,2077,2099,2324,2052,2133.9
"c._elegans_interactomes_(2009)_5","Biological",1108,1500,2323,3018,2329,2306,2828,2361,2295,2006,2190,2727,2438.3
"c._elegans_interactomes_(2009)_6","Biological",2214,3538,4251,4759,3878,3968,4115,4277,4095,4244,4212,3871,4167
"c._elegans_interactomes_(2009)_7","Biological",297,2148,549,490,1294,778,722,755,810,444,781,590,721.3
"c._elegans_interactomes_(2009)_8","Biological",279,2287,709,494,610,650,752,591,512,703,531,527,607.9
"c._elegans_interactomes_(2009)_9","Biological",269,2902,674,527,862,445,415,374,658,728,593,433,570.9
"c._elegans_neurons_(1986)","Biological",297,2148,511,471,561,1130,747,497,857,588,657,609,662.8
"cat_brain_(2013)","Biological",65,730,115,109,185,110,158,119,106,131,217,329,157.9
"cat_cerebral_hemisphere_1","Biological",95,1170,223,278,212,170,169,182,267,181,193,135,201
"cat_cerebral_hemisphere_2","Biological",52,515,86,108,255,106,111,128,88,136,162,180,136
"celegans_2019_hermaphrodite_chemical_corrected","Biological",446,4172,879,1035,755,1017,1032,856,837,1545,924,1391,1027.1
"celegans_2019_hermaphrodite_chemical_synapse","Biological",313,2932,682,578,522,890,2224,689,518,555,547,588,779.3
"celegans_2019_hermaphrodite_gap_junction_corrected","Biological",460,1432,1537,1356,1101,1262,1774,1081,1189,1198,1486,1341,1332.5
"celegans_2019_hermaphrodite_gap_junction_synapse","Biological",279,962,611,648,506,587,582,827,699,705,811,457,643.3
"celegans_2019_male_chemical_corrected","Biological",559,4500,1251,1333,959,1522,1121,1610,978,1055,1398,1019,1224.6
"celegans_2019_male_chemical_synapse","Biological",328,2832,734,1177,1102,796,996,724,538,664,645,781,815.7
"celegans_2019_male_gap_junction_corrected","Biological",484,1597,1711,1153,1480,1283,1466,1913,1330,1193,1958,1427,1491.4
"celegans_2019_male_gap_junction_synapse","Biological",298,1171,794,769,4088,710,583,1813,717,677,650,1525,1232.6
"celegans_interactomes_BPmaps","Biological",345,400,1673,882,1221,912,1484,1129,1181,1273,1117,1521,1239.3
"celegans_interactomes_Genetic","Biological",683,1543,1571,1807,1974,2355,3568,2059,1612,1644,1747,1384,1972.1
"celegans_interactomes_IntegratedNetwork","Biological",5966,177161,27154,27302,26050,25887,26693,24989,25022,24571,25556,26746,25997
"celegans_interactomes_Interolog","Biological",2378,13179,6704,7010,7235,7336,7102,6367,6626,7709,7176,6952,7021.7
"celegans_interactomes_LCI","Biological",117,123,519,143,1082,151,143,328,129,227,154,251,312.7
"celegans_interactomes_Microarray","Biological",2333,136859,5813,5828,5861,5852,5489,6080,5435,5516,5663,5640,5717.7
"celegans_interactomes_Phenotypes","Biological",889,22652,1375,1715,1692,1699,1831,1851,1446,1558,1757,1570,1649.4
"celegans_interactomes_WI8","Biological",2214,3538,4938,3902,4390,3926,4329,4196,4498,4578,4036,3947,4274
"celegans_interactomes_wi2004","Biological",1084,1602,2129,2299,2061,2617,2966,2183,2511,1909,2177,2314,2316.6
"celegans_interactomes_wi2007","Biological",1108,1500,2369,2166,2327,2039,2011,3568,2385,2323,2126,2396,2371
"celegans_metabolic","Biological",453,2025,790,770,726,754,621,659,706,676,935,729,736.6
"celegansneural","Biological",297,2148,487,626,606,496,655,656,414,737,738,810,622.5
"centrality_literature_(1948-1979)","Informational",118,613,411,411,127,277,401,156,341,275,520,188,310.7
"chicago_road","Transportation",12979,20627,68550,68709,68032,69076,65992,69079,68393,67015,66724,70203,68177.3
"college_freshmen","Social,Offline",32,422,84,158,31,49,51,50,49,34,72,48,62.6
"collins_yeast","Biological",1004,8319,4580,5039,3749,3876,7138,4121,3717,3948,3973,3714,4385.5
"contact","Social,Offline",274,2124,1792,464,634,1170,735,500,556,1034,1034,539,845.8
"contiguous_usa","Transportation",49,107,116,140,517,147,215,125,194,92,164,240,195
"copenhagen_calls","Social,Offline",347,477,1223,1033,1623,1743,1175,1965,1475,1123,1599,1211,1417
"copenhagen_fb_friends","Social,Offline",800,6418,1734,1648,1499,1574,1492,1422,2479,1641,1278,1895,1666.2
"copenhagen_sms","Social,Offline",457,628,1946,2057,1750,2005,1446,1811,1597,1577,1808,1851,1784.8
"cora","Informational",23166,89157,47868,47104,44359,47565,46556,47467,48027,48478,47127,49267,47381.8
"deezer_europe","Social,Online",28281,92752,60098,60973,58737,56703,58544,61093,57322,58280,58002,57809,58756.1
"digg_reply","Social,Online",29652,84781,47344,45930,47647,46396,48908,46141,48442,47844,48257,46860,47376.9
"diseasome_shared","Biological",516,1188,2816,1896,2250,4690,2241,2217,2585,3033,2142,1706,2557.6
"dnc","Social,Online",849,10384,2769,2336,2470,2256,2976,2882,2400,2502,2409,2711,2571.1
"dutch_school_klas12b-net-1","Social,Offline",26,63,109,69,44,48,30,56,66,32,58,77,58.9
"dutch_school_klas12b-net-2","Social,Offline",26,101,48,152,53,27,34,58,73,50,41,105,64.1
"dutch_school_klas12b-net-3","Social,Offline",26,164,44,51,25,33,38,45,42,48,59,43,42.8
"dutch_school_klas12b-net-4","Social,Offline",26,111,60,47,30,64,29,44,51,37,56,31,44.9
"ecoli_transcription_v1.0","Biological",329,456,654,778,989,563,599,750,552,808,1206,665,756.4
"ecoli_transcription_v1.1","Biological",328,456,1290,676,627,547,658,985,873,598,1259,544,805.7
"ego_social_facebook_combined","Social,Online",4039,88234,9794,9891,9722,10483,10149,10161,9514,11204,12685,9909,10351.2
"email_network","Social,Online",1133,5451,2174,1927,1946,2223,2273,2424,2404,2123,2096,2209,2179.9
"email_network_(uni._r-v,_spain,_2003)","Social,Offline",1133,5451,2383,1957,2206,2277,2115,2472,2368,2278,2344,1910,2231
"eu_airlines","Transportation",417,2953,627,868,7236,950,900,5317,792,754,775,667,1888.6
"european_airline_network","Transportation",417,2953,853,1209,598,614,847,931,800,788,936,588,816.4
"euroroad","Transportation",1039,1305,5146,5922,7244,6583,7111,6028,5603,6724,6442,12841,6964.4
"euroroad_network_(2011)","Transportation",1039,1305,5344,4916,5950,5952,6902,6193,5982,4938,5783,5337,5729.7
"faa_preferred_routes_(2010)","Transportation",1226,2408,3586,3222,2840,2775,3053,3223,3809,3671,3203,3168,3255
"faa_routes","Transportation",1226,2408,3604,3321,3045,2846,3120,2985,3153,4243,3582,2921,3282
"facebook_friends","Social,Online",329,1954,744,1085,688,620,997,732,1507,1188,720,925,920.6
"facebook_organizations_L1","Social,Online",5793,30753,21417,19255,19344,21204,17661,18703,19276,19023,19697,18943,19452.3
"facebook_organizations_L2","Social,Online",5524,94218,10455,10647,10893,9409,9633,10658,10636,10413,11653,10481,10487.8
"facebook_organizations_M1","Social,Online",1429,19357,2935,2935,2731,3185,2879,3219,2325,3032,2966,2627,2883.4
"facebook_organizations_M2","Social,Online",3862,87324,7865,8118,7162,8270,7670,7781,8391,7006,7817,7571,7765.1
"facebook_organizations_S1","Social,Online",320,2369,781,984,824,528,1058,598,688,681,961,511,761.4
"facebook_organizations_S2","Social,Online",165,726,326,378,310,356,436,346,360,287,279,206,328.4
"faculty_hiring_networks_(comp._sci.,_business,_history)_1","Economic",206,2741,414,423,674,353,357,941,361,783,291,350,494.7
"faculty_hiring_networks_(comp._sci.,_business,_history)_2","Economic",113,2944,191,399,207,291,238,255,358,450,461,243,309.3
"faculty_hiring_networks_(comp._sci.,_business,_history)_3","Economic",145,2266,410,380,764,1096,334,288,308,341,257,214,439.2
"family_planning_in_korea_1","Social,Offline",33,68,383,258,96,98,42,39,111,97,110,215,144.9
"family_planning_in_korea_2","Social,Offline",35,84,75,68,70,78,78,69,41,56,52,46,63.3
"fao_multiplex_trade_network","Economic",183,945,219,292,513,259,230,381,238,182,257,483,305.4
"florentine_families","Social,Offline",15,27,34,20,21,21,29,41,25,76,13,25,30.5
"foldoc","Informational",13356,91471,26988,25575,24814,25833,26635,24477,24158,24393,25746,25294,25391.3
"foodweb_baywet","Biological",128,2075,229,307,403,236,279,1642,301,327,201,232,415.7
"foodweb_little_rock","Biological",183,2434,273,319,299,330,422,633,329,823,316,370,411.4
"fungal_growth_networks_1","Biological",305,465,3911,4878,3043,3418,1195,3984,2484,3500,2800,1710,3092.3
"fungal_growth_networks_10","Biological",251,399,1490,1602,1822,1506,1789,3228,2418,1207,4369,2128,2155.9
"fungal_growth_networks_11","Biological",192,307,1441,2015,988,1723,1349,1200,1715,2474,925,1783,1561.3
"fungal_growth_networks_12","Biological",199,311,1450,779,1244,1796,1563,1755,2182,654,1190,2421,1503.4
"fungal_growth_networks_13","Biological",283,437,3958,3797,3640,1666,1868,4858,980,3672,4090,3315,3184.4
"fungal_growth_networks_14","Biological",305,477,4294,1750,1853,1549,1403,3101,3331,1126,1785,1428,2162
"fungal_growth_networks_15","Biological",281,429,2449,2004,1482,1165,2241,4929,4327,1357,4396,3426,2777.6
"fungal_growth_networks_16","Biological",311,474,2904,2097,1586,2739,4699,3135,1778,5788,2215,2077,2901.8
"fungal_growth_networks_17","Biological",224,348,718,1181,1234,1242,1412,1199,1724,1118,1871,1371,1307
"fungal_growth_networks_18","Biological",257,302,2917,1919,3358,1267,1515,1711,3239,4119,1722,1999,2376.6
"fungal_growth_networks_19","Biological",411,488,8668,3140,2975,4022,4302,6897,3223,2993,4033,3641,4389.4
"fungal_growth_networks_2","Biological",142,159,1980,762,486,812,1222,1173,747,946,944,769,984.1
"fungal_growth_networks_20","Biological",176,199,2545,1851,1682,1678,1706,1814,1247,2073,1776,1961,1833.3
"fungal_growth_networks_21","Biological",116,134,1629,2053,800,624,1204,611,971,1020,961,1160,1103.3
"fungal_growth_networks_22","Biological",318,381,1669,3067,3915,3065,2736,3623,3331,1537,1767,1702,2641.2
"fungal_growth_networks_23","Biological",339,369,3347,1763,2121,3533,7501,3904,5532,2111,2472,2624,3490.8
"fungal_growth_networks_24","Biological",359,443,2849,3308,4106,1776,2222,2605,1989,4236,5041,1573,2970.5
"fungal_growth_networks_25","Biological",386,460,3193,1703,3262,2082,4356,3724,2602,2969,3565,2860,3031.6
"fungal_growth_networks_26","Biological",346,417,3095,1640,1856,1930,1876,1247,2420,1547,2332,4439,2238.2
"fungal_growth_networks_27","Biological",254,286,1651,1841,935,1386,1055,1269,973,2559,4279,1241,1718.9
"fungal_growth_networks_28","Biological",158,200,632,516,752,572,626,465,592,419,742,394,571
"fungal_growth_networks_29","Biological",120,163,531,373,403,690,358,382,540,243,457,234,421.1
"fungal_growth_networks_3","Biological",223,276,1153,1648,811,691,997,686,1136,600,785,1342,984.9
"fungal_growth_networks_30","Biological",182,224,635,593,642,893,793,1022,739,1845,1785,1054,1000.1
"fungal_growth_networks_31","Biological",132,171,553,321,504,1631,551,313,406,386,767,244,567.6
"fungal_growth_networks_4","Biological",322,404,1638,3457,2060,2312,1781,1859,1179,1489,2552,1876,2020.3
"fungal_growth_networks_5","Biological",146,175,415,737,2148,810,808,460,968,1386,585,858,917.5
"fungal_growth_networks_6","Biological",121,154,447,906,449,835,838,1110,403,289,908,319,650.4
"fungal_growth_networks_7","Biological",332,412,1197,1953,2289,1828,1879,1455,1627,1571,2073,1717,1758.9
"fungal_growth_networks_8","Biological",84,86,448,370,252,703,328,639,370,1035,292,210,464.7
"fungal_growth_networks_9","Biological",187,218,1016,3195,622,956,1430,1526,848,1767,1171,1134,1366.5
"garfield_s_citation_networks_(2001)_1","Informational",207,777,298,425,332,349,771,388,327,387,694,361,433.2
"garfield_s_citation_networks_(2001)_2","Informational",1024,4916,1716,1811,1340,1653,2039,1604,1678,1556,1636,2261,1729.4
"gemsec_ro","Social,Online",41773,125826,94232,91205,90936,91833,89841,88191,90241,91129,93355,90396,91135.9
"genetic_multiplex_Arabidopsis","Biological",6692,16064,10109,11577,10342,10875,10359,9909,11303,11156,10614,9939,10618.3
"genetic_multiplex_Candida","Biological",303,314,809,623,427,616,267,305,288,339,1072,471,521.7
"genetic_multiplex_Celegans","Biological",3692,7650,5646,5621,6003,6535,5342,5695,5860,5535,5481,6021,5773.9
"genetic_multiplex_DanioRerio","Biological",31,41,86,67,136,106,242,133,51,205,95,92,121.3
"genetic_multiplex_Drosophila","Biological",8114,38909,15042,14528,15547,15129,14563,15041,14476,15005,14408,14453,14819.2
"genetic_multiplex_Gallus","Biological",205,234,278,267,418,218,332,161,213,156,280,206,252.9
"genetic_multiplex_Homo","Biological",18136,137630,28714,28774,28107,27177,28800,27357,27712,27426,27457,27814,27933.8
"genetic_multiplex_HumanHIV1","Biological",1005,1155,1254,1379,1157,1045,920,1047,2315,994,839,1160,1211
"genetic_multiplex_HumanHerpes4","Biological",189,191,352,580,312,261,237,396,185,564,296,387,357
"genetic_multiplex_Mus","Biological",7402,16858,10919,11555,11193,11781,11084,11629,12113,11154,11337,11722,11448.7
"genetic_multiplex_Plasmodium","Biological",1158,2402,2121,2090,2083,2365,1999,1906,2060,2207,2265,2172,2126.8
"genetic_multiplex_Rattus","Biological",2350,3484,3106,3047,3163,4108,2954,3230,3135,2979,3286,3002,3201
"genetic_multiplex_Sacchcere","Biological",6567,223539,10049,9596,10172,10581,10095,10512,10410,10694,10520,10518,10314.7
"genetic_multiplex_Sacchpomb","Biological",4078,55251,6526,6601,6713,6938,6309,6203,6034,6672,6526,6483,6500.5
"genetic_multiplex_Xenopus","Biological",263,350,970,871,1098,768,796,3154,657,1341,933,730,1131.8
"german_highway_system_(2002)","Transportation",1168,1243,9568,7761,7313,12062,7309,6970,7817,12222,9894,8320,8923.6
"github_2","Social,Online",37700,289003,53584,52512,53234,53292,51701,53216,53816,53837,54224,52470,53188.6
"global_language_network_(2014)_1","Informational",247,415,369,307,366,1227,337,301,581,299,269,378,443.4
"global_language_network_(2014)_2","Informational",134,282,213,171,124,212,643,183,263,208,178,743,293.8
"gnutella_04","Technological",10876,39994,21671,21758,22233,21585,21721,22252,21347,21186,20906,21518,21617.7
"gnutella_06","Technological",8717,31525,17041,17503,17040,16500,17234,16629,17465,16482,17188,17912,17099.4
"gnutella_08","Technological",6299,20776,12662,12938,12889,12438,11922,12307,12134,13846,12530,12262,12592.8
"gnutella_09","Technological",8104,26008,15414,16423,15715,16016,16106,15958,16448,15119,16255,15786,15924
"gnutella_24","Technological",26498,65359,49736,50006,51611,50087,49918,50290,50224,49799,50673,51283,50362.7
"gnutella_25","Technological",22663,54693,43114,45119,42330,43166,45764,45286,42984,43265,42506,43592,43712.6
"gnutella_30","Technological",36646,88303,69385,68373,71545,70877,72385,69187,69891,69651,69307,72370,70297.1
"google","Social,Online",15763,148585,21549,22212,21370,21384,22013,21466,21643,21068,21774,22018,21649.7
"gplus","Social,Online",23613,39182,23468,22256,23326,22695,22407,22281,23002,23754,23197,22981,22936.7
"gplus_1","Social,Online",4805,344852,7805,8506,8664,8012,8476,7922,7754,8193,8032,8599,8196.3
"gplus_10","Social,Online",1648,151765,2707,2915,2802,2579,3029,2874,2924,2880,3381,2911,2900.2
"gplus_3","Social,Online",1602,165654,3560,2686,2748,2695,2699,2675,2449,2776,2635,2487,2741
"gplus_4","Social,Online",4602,430976,8086,7266,7767,8351,8459,8790,7634,8408,8128,7785,8067.4
"gplus_5","Social,Online",4839,263126,8277,7915,8395,9171,9033,8708,9124,8296,8489,8769,8617.7
"gplus_6","Social,Online",3545,259796,6434,6291,6069,6315,6137,5906,6110,6607,6561,5831,6226.1
"gplus_7","Social,Online",3870,469544,6734,6211,6228,7036,7651,6624,7015,6855,6301,7745,6840
"gplus_8","Social,Online",2761,152646,4318,4726,4436,4398,4723,4651,4756,4796,4748,4135,4568.7
"gplus_9","Social,Online",2455,433841,4644,4022,4408,5024,4373,4263,3871,4311,4594,4178,4368.8
"guava_library_dependencies_(2012)","Technological",457,926,1438,1590,1401,1084,1674,1548,913,5365,1412,1081,1750.6
"hamsterer","Social,Online",2000,16097,3685,3992,3808,3705,3558,4361,3798,3764,3388,3952,3801.1
"high_school_dynamic_contacts_(2011-2012)_1","Social,Offline",126,1709,318,250,286,321,234,264,389,928,314,279,358.3
"high_school_dynamic_contacts_(2011-2012)_2","Social,Offline",180,2220,381,243,382,411,397,424,428,384,516,511,407.7
"high_tech_company","Social,Offline",21,159,33,54,31,38,44,60,19,26,26,21,35.2
"highschool","Social,Offline",70,274,131,219,151,146,217,182,159,129,105,147,158.6
"highschool_2011","Social,Offline",126,1709,336,615,246,649,544,310,175,334,264,344,381.7
"highschool_2012","Social,Offline",180,2220,377,503,535,415,335,294,428,553,464,428,433.2
"hiv_transmission","Social,Offline",26706,41206,41950,43130,42657,41800,44149,40988,42398,41194,42727,40765,42175.8
"india_bus_routes_(2016)_1","Transportation",1103,2149,3243,2694,3241,3444,3351,2614,3141,3381,2550,3695,3135.4
"india_bus_routes_(2016)_2","Transportation",1009,1610,3585,5143,4077,4159,4512,3623,3709,3308,3942,3921,3997.9
"india_bus_routes_(2016)_3","Transportation",1554,3599,3507,3778,3754,3662,3405,3778,3952,3948,3653,3456,3689.3
"india_bus_routes_(2016)_4","Transportation",1087,2952,2203,2187,1876,3797,1922,2072,2624,1973,2045,1785,2248.4
"india_bus_routes_(2016)_5","Transportation",519,877,2371,1396,1710,1326,1796,2139,1363,1624,1792,1727,1724.4
"india_bus_routes_(2016)_6","Transportation",2266,3041,14861,17722,15930,11680,14234,15026,16924,17404,15901,12714,15239.6
"inploid","Social,Online",14360,49334,21013,20809,21045,20351,20833,20930,20637,20929,20176,20695,20741.8
"interactome_figeys","Biological",2217,6418,3375,3297,2985,3140,3380,3589,3356,3920,3193,3773,3400.8
"interactome_pdz","Biological",161,209,654,467,505,358,963,357,851,399,616,717,588.7
"interactome_stelzl","Biological",1615,3106,3187,3320,2914,2700,3205,3795,3366,2812,2855,3166,3132
"interactome_vidal","Biological",2783,6007,4659,4930,5343,4712,5067,5226,5283,5293,4760,5225,5049.8
"interactome_yeast","Biological",1458,1948,4944,3109,3596,3577,3871,3597,3994,4159,3142,4033,3802.2
"internet_as","Technological",22963,48436,26060,26839,27260,26344,27336,26392,26354,27363,27128,26401,26747.7
"iscas89_benchmark_circuits_23","Technological",210,363,672,1021,997,503,616,714,553,635,786,485,698.2
"iscas89_benchmark_circuits_4","Technological",481,627,2592,2242,2064,2074,2215,1920,1972,2113,2473,3978,2364.3
"itc99_benchmark_circuits_1","Technological",149,273,445,390,607,635,510,682,582,988,534,578,595.1
"itc99_benchmark_circuits_10","Technological",737,1341,2278,2755,2574,2840,2280,3077,3192,2322,3051,2652,2702.1
"itc99_benchmark_circuits_2","Technological",998,1928,3178,5277,4866,4397,2888,3169,3034,3019,3499,5033,3836
"itc99_benchmark_circuits_3","Technological",441,802,2322,2459,1499,1556,2185,1625,1233,2066,1329,1388,1766.2
"itc99_benchmark_circuits_4","Technological",167,309,1767,706,596,567,599,509,587,508,630,416,688.5
"itc99_benchmark_circuits_5","Technological",159,293,498,582,673,439,565,602,724,499,338,879,579.9
"itc99_benchmark_circuits_6","Technological",189,361,582,482,621,681,885,598,629,537,418,560,599.3
"itc99_benchmark_circuits_7","Technological",770,1415,2278,2206,2548,3486,2043,3348,2455,3096,2689,2335,2648.4
"itc99_benchmark_circuits_8","Technological",1036,2022,3554,3446,3391,3808,3418,3510,2968,4116,3193,3746,3515
"itc99_benchmark_circuits_9","Technological",362,617,2702,1647,3365,1377,2545,2452,1352,1690,1779,1477,2038.6
"ito_core_yeast_interactome_(2001)","Biological",426,521,898,1257,2217,1547,1265,2181,1152,1667,1382,1112,1467.8
"java_library_dependencies_(2014)","Technological",249,802,2183,666,426,954,564,534,386,918,1195,455,828.1
"java_packages_(various)_1","Technological",105,292,336,182,198,348,289,140,256,503,196,292,274
"java_packages_(various)_2","Technological",192,488,1525,596,452,547,381,520,359,377,379,408,554.4
"java_packages_(various)_3","Technological",228,491,764,912,1489,1523,640,766,643,1073,659,1012,948.1
"java_packages_(various)_4","Technological",398,943,1073,1176,1125,1007,758,1285,795,1040,871,1458,1058.8
"java_packages_(various)_5","Technological",504,1139,1045,857,1243,861,1006,1136,791,991,1126,1204,1026
"java_packages_(various)_6","Technological",486,2717,716,687,770,801,745,1722,630,797,936,796,860
"javax,_java,_jung,_appengine_dependencies_(2010)_1","Technological",96,179,363,451,418,312,176,433,358,154,315,226,320.6
"javax,_java,_jung,_appengine_dependencies_(2010)_2","Technological",435,1303,745,979,1431,788,4471,846,1461,1353,2789,1130,1599.3
"javax,_java,_jung,_appengine_dependencies_(2010)_3","Technological",1031,4408,2138,1993,1968,2085,1955,1788,1488,1938,2005,1695,1905.3
"jdk","Technological",6434,53658,7691,7962,7833,7502,7128,7287,7779,7389,7440,7163,7517.4
"jung","Technological",6120,50290,6978,7648,7389,7371,7036,7046,7171,6967,7072,7106,7178.4
"kapferer_tailor_shop_(1972)_1","Social,Offline",39,169,116,90,147,61,63,83,68,64,48,49,78.9
"kapferer_tailor_shop_(1972)_2","Social,Offline",39,248,94,63,124,107,73,83,54,65,41,78,78.2
"lastfm_asia","Social,Online",7624,27806,15802,16002,15638,15346,15047,14169,14773,16277,15713,15745,15451.2
"law_firm","Social,Offline",71,1008,205,181,303,201,163,165,194,134,134,164,184.4
"linux","Technological",30817,213208,38741,39015,38265,39060,37792,38321,38970,38273,37864,38245,38454.6
"london_transport","Transportation",369,430,3250,2247,4019,3883,2584,2742,3167,2136,5656,2615,3229.9
"london_transport_network","Transportation",369,430,4813,2939,2047,2508,6568,2071,4389,2487,2382,2107,3231.1
"macaque_cortical_connectivity_(cocomac)_1","Biological",94,1515,175,206,129,195,251,216,127,211,210,109,182.9
"macaque_cortical_connectivity_(cocomac)_2","Biological",71,438,157,237,84,104,136,140,159,195,278,300,179
"macaque_cortical_connectivity_(cocomac)_3","Biological",47,313,134,88,96,91,95,56,134,78,55,184,101.1
"macaque_visual_cortex_(1991)_1","Biological",30,190,71,37,83,57,47,45,54,89,45,58,58.6
"macaque_visual_cortex_(1991)_2","Biological",32,194,53,52,128,80,41,66,67,99,70,93,74.9
"medieval_russia_trade_network","Economic",39,53,94,215,210,136,96,160,118,104,192,123,144.8
"messal_shale","Biological",700,6395,1310,1285,1528,1492,1224,1161,1166,1412,1012,2268,1385.8
"metabolic_networks_from_kegg_(2006)_1","Biological",880,2296,1301,1273,1357,1502,1197,1412,1560,1422,1160,1551,1373.5
"metabolic_networks_from_kegg_(2006)_10","Biological",861,2011,1257,1247,1314,1399,1230,1250,1318,1414,1882,1353,1366.4
"metabolic_networks_from_kegg_(2006)_11","Biological",769,1858,1451,1759,1190,1299,1198,969,1062,1057,1189,1161,1233.5
"metabolic_networks_from_kegg_(2006)_12","Biological",619,1501,988,1591,1023,967,1098,1104,1161,1121,997,1152,1120.2
"metabolic_networks_from_kegg_(2006)_13","Biological",464,1115,1028,700,939,679,1761,910,888,860,720,819,930.4
"metabolic_networks_from_kegg_(2006)_14","Biological",813,2103,1274,1335,1165,1110,1236,1425,1612,1228,1095,1118,1259.8
"metabolic_networks_from_kegg_(2006)_15","Biological",601,1536,1515,1027,995,901,995,1103,1083,1336,1116,1227,1129.8
"metabolic_networks_from_kegg_(2006)_16","Biological",1042,2764,1658,2056,1876,1516,1671,2025,1938,1453,1765,1940,1789.8
"metabolic_networks_from_kegg_(2006)_17","Biological",808,2105,1099,1470,1214,1182,1338,1052,1006,1185,1294,1239,1207.9
"metabolic_networks_from_kegg_(2006)_18","Biological",598,1425,850,875,889,1364,880,1180,1107,988,880,872,988.5
"metabolic_networks_from_kegg_(2006)_19","Biological",609,1476,1290,941,1225,1277,1009,1009,997,1329,1111,926,1111.4
"metabolic_networks_from_kegg_(2006)_2","Biological",610,1482,935,1130,963,940,987,1020,1065,928,922,1023,991.3
"metabolic_networks_from_kegg_(2006)_20","Biological",610,1481,964,1163,1519,914,815,926,894,995,964,1068,1022.2
"metabolic_networks_from_kegg_(2006)_21","Biological",600,1421,1092,957,1437,900,797,1207,947,891,943,797,996.8
"metabolic_networks_from_kegg_(2006)_22","Biological",783,1986,1235,1213,1097,1295,1653,1396,1185,1177,1050,1390,1269.1
"metabolic_networks_from_kegg_(2006)_23","Biological",816,1977,1436,1117,1230,1256,1190,1162,1234,1247,1119,1681,1267.2
"metabolic_networks_from_kegg_(2006)_24","Biological",896,2186,1222,1436,1305,1948,1410,1566,1246,1164,1688,1358,1434.3
"metabolic_networks_from_kegg_(2006)_25","Biological",337,806,876,642,585,1371,627,612,816,563,692,575,735.9
"metabolic_networks_from_kegg_(2006)_26","Biological",759,1771,1234,1391,1390,1361,1382,1169,1181,1073,1191,1124,1249.6
"metabolic_networks_from_kegg_(2006)_3","Biological",725,1657,1359,1128,1197,1571,1031,1156,1303,1475,1099,1181,1250
"metabolic_networks_from_kegg_(2006)_4","Biological",965,2353,1419,1583,1465,1508,1517,1106,1221,1350,1468,1478,1411.5
"metabolic_networks_from_kegg_(2006)_5","Biological",546,1289,1558,958,895,1003,759,1108,919,892,1113,849,1005.4
"metabolic_networks_from_kegg_(2006)_6","Biological",354,856,661,713,1038,640,625,577,949,865,1009,592,766.9
"metabolic_networks_from_kegg_(2006)_7","Biological",360,887,621,613,1179,527,620,643,987,667,696,1220,777.3
"metabolic_networks_from_kegg_(2006)_8","Biological",774,1818,1516,1317,986,1562,1211,1250,1371,1236,1456,1246,1315.1
"metabolic_networks_from_kegg_(2006)_9","Biological",300,712,521,740,396,632,481,1167,703,741,1541,677,759.9
"montreal","Social,Offline",29,75,34,46,91,168,41,31,59,31,164,55,72
"moreno_taro","Social,Offline",22,39,76,31,54,56,27,27,55,97,87,41,55.1
"mouse_suprachiasmatic_nucleus_1","Biological",179,705,297,2331,412,675,306,441,507,736,350,351,640.6
"mouse_suprachiasmatic_nucleus_2","Biological",155,744,332,408,256,267,428,263,302,249,365,318,318.8
"mouse_suprachiasmatic_nucleus_3","Biological",176,803,371,880,321,369,653,1568,301,341,391,393,558.8
"mouse_visual_cortex_(2011)_1","Biological",29,44,56,91,93,67,42,64,95,53,55,67,68.3
"mouse_visual_cortex_(2011)_2","Biological",193,214,419,681,501,523,973,490,378,450,675,413,550.3
"new_guinea_tribes","Social,Offline",16,58,24,16,20,9,19,38,22,30,19,23,22
"openflights","Transportation",3188,18833,6512,6989,6748,6480,6647,6833,6845,6431,6801,6801,6708.7
"p._pacificus_nematode_(2013)_1","Biological",54,141,184,83,88,94,129,150,126,117,91,66,112.8
"p._pacificus_nematode_(2013)_2","Biological",50,141,81,113,138,109,584,41,60,201,60,58,144.5
"pgp_strong","Social,Online",39796,197150,100727,103384,100971,99817,102740,101583,101821,99767,99411,103177,101339.8
"physician_trust","Social,Offline",117,465,505,224,246,289,397,208,237,377,651,304,343.8
"polblogs","Informational",1222,16714,2093,2310,2063,1934,2167,2063,2142,2280,2068,2014,2113.4
"political_books_network_(2004)","Informational",105,441,223,424,245,678,337,352,209,420,264,217,336.9
"power","Technological",4941,6594,24093,26514,25800,24383,25331,21401,22449,25346,26546,23075,24493.8
"reactome","Biological",5973,145778,17059,16200,17732,16012,16779,17039,16500,16916,16676,17499,16841.2
"reguly_yeast_interactome_(2006)","Biological",1213,2556,4054,5186,5991,5130,4225,4554,5642,4403,5309,3768,4826.2
"residence_hall","Social,Offline",217,1839,461,1362,408,784,468,447,514,827,940,638,684.9
"rhesus_brain_(2012)","Biological",242,3054,418,726,873,365,576,361,288,444,362,376,478.9
"rhesus_cortex_(2014)","Biological",91,1401,293,167,264,157,266,395,112,191,186,136,216.7
"roget_s_thesaurus_(1879)","Informational",994,3640,3032,3056,2192,2444,2313,2084,2272,2019,2247,2354,2401.3
"rome_roads_(1999)","Transportation",3353,4831,21199,19337,17463,20350,19670,17795,21529,20289,23104,19062,19979.8
"route_views_as_graphs_(1997-1998)_1","Technological",493,1145,1028,747,843,899,711,1794,757,801,919,788,928.7
"route_views_as_graphs_(1997-1998)_2","Technological",522,1198,970,2755,1233,815,778,840,1827,739,821,760,1153.8
"route_views_as_graphs_(1997-1998)_3","Technological",512,1181,826,863,3130,754,800,889,1072,1041,729,689,1079.3
"route_views_as_graphs_(1999-2000)_1","Technological",541,1233,707,1026,962,936,1081,891,1002,1074,774,838,929.1
"route_views_as_graphs_(1999-2000)_10","Technological",527,1198,1078,832,830,986,889,721,1060,687,736,1149,896.8
"route_views_as_graphs_(1999-2000)_11","Technological",530,1198,759,1288,840,1060,629,796,965,770,1033,830,897
"route_views_as_graphs_(1999-2000)_12","Technological",545,1246,1049,753,737,838,879,754,964,839,1213,997,902.3
"route_views_as_graphs_(1999-2000)_13","Technological",544,1240,913,777,929,951,873,1013,1024,1247,950,799,947.6
"route_views_as_graphs_(1999-2000)_2","Technological",538,1225,732,1008,761,738,778,2575,856,1022,840,901,1021.1
"route_views_as_graphs_(1999-2000)_3","Technological",557,1278,894,828,993,3409,942,789,1018,801,839,808,1132.1
"route_views_as_graphs_(1999-2000)_4","Technological",553,1264,1149,1009,1380,813,1084,1784,1383,1183,755,894,1143.4
"route_views_as_graphs_(1999-2000)_5","Technological",561,1280,933,1081,1153,747,875,1212,1235,1073,739,837,988.5
"route_views_as_graphs_(1999-2000)_6","Technological",549,1249,1295,1002,866,1767,819,1013,1055,825,750,1006,1039.8
"route_views_as_graphs_(1999-2000)_7","Technological",103,239,193,275,331,165,208,385,181,243,131,156,226.8
"route_views_as_graphs_(1999-2000)_8","Technological",2067,4218,2887,2814,2808,2791,2661,2743,3052,2774,2807,2671,2800.8
"route_views_as_graphs_(1999-2000)_9","Technological",2132,4347,2561,2720,2716,2659,2797,2746,2713,2727,3057,2919,2761.5
"scotus_majority_2007","Informational",34428,201078,65184,63694,65769,63926,62720,64634,62851,61852,64722,62561,63791.3
"scotus_majority_2008","Informational",25389,216436,49637,50318,47706,48319,49551,51082,50540,48613,50936,49139,49584.1
"software_function-callgraphs_(2002)_1","Technological",1035,1719,2708,2306,2276,2564,2771,2122,2307,2245,2468,2324,2409.1
"software_function-callgraphs_(2002)_2","Technological",162,252,441,413,332,247,317,331,231,493,1096,326,422.7
"software_function-callgraphs_(2002)_3","Technological",771,1357,1271,1400,1188,1837,1743,1641,1877,1595,1618,1262,1543.2
"software_function-callgraphs_(2002)_4","Technological",971,1802,2422,2341,2083,3628,3135,2459,1933,2314,2732,3823,2687
"student_cooperation","Social,Offline",141,256,1186,390,1811,775,639,772,957,666,807,845,884.8
"terrassa_traffic_(2016)","Transportation",1603,2320,12668,8773,11030,10705,9037,8041,11897,10483,9016,9110,10076
"turker_network","Social,Online",994,5007,1756,1777,2205,2183,1570,2367,2081,1528,2059,1696,1922.2
"twitch_de","Social,Online",9498,153138,13524,14007,13230,13456,13268,14399,14501,14133,13408,12971,13689.7
"twitch_engb","Social,Online",7126,35324,10652,11097,11072,11248,11416,11364,10993,10895,10656,11261,11065.4
"twitch_es","Social,Online",4648,59382,6880,6906,6887,7088,7085,7556,6841,7009,6985,7716,7095.3
"twitch_fr","Social,Online",6549,112666,10042,9410,8889,9242,8781,10311,9175,9889,9165,9751,9465.5
"twitch_ptbr","Social,Online",1912,31299,2951,2995,3189,2919,2947,3018,2943,2877,3073,3135,3004.7
"twitch_ru","Social,Online",4385,37304,6000,6512,6742,6483,6158,6727,6277,6512,6167,6306,6388.4
"twitter_1","Social,Online",246,6329,911,754,1084,540,473,485,563,548,432,491,628.1
"twitter_10","Social,Online",216,6732,530,387,380,406,317,486,419,441,323,3813,750.2
"twitter_11","Social,Online",194,6253,284,400,370,420,443,325,509,364,337,349,380.1
"twitter_12","Social,Online",191,7596,389,381,3018,356,435,327,412,415,515,469,671.7
"twitter_2","Social,Online",184,8365,398,763,436,393,528,315,341,442,536,467,461.9
"twitter_3","Social,Online",228,7021,470,579,978,1111,530,361,514,393,432,786,615.4
"twitter_4","Social,Online",201,5999,435,356,402,288,348,287,414,373,340,709,395.2
"twitter_5","Social,Online",183,6539,322,480,376,388,386,751,381,535,390,357,436.6
"twitter_6","Social,Online",232,6325,529,600,427,653,395,428,491,342,1038,656,555.9
"twitter_7","Social,Online",184,6209,407,420,255,515,416,389,472,463,313,300,395
"twitter_8","Social,Online",239,6996,663,408,703,827,523,494,507,491,511,370,549.7
"twitter_9","Social,Online",211,12173,535,580,396,414,606,520,505,506,449,408,491.9
"uc_irvine_students","Social,Online",1893,13835,3118,3075,2774,3251,2944,3134,3025,2861,2975,2722,2987.9
"uetz_screen_yeast_interactome_(2000)","Biological",263,281,2382,1159,1574,1439,2666,1125,1847,785,2206,967,1615
"ugandan_village_friendship-1","Social,Offline",202,547,544,438,584,486,1107,664,408,330,523,362,544.6
"ugandan_village_friendship-10","Social,Offline",207,1092,543,367,345,491,634,619,360,435,539,455,478.8
"ugandan_village_friendship-11","Social,Offline",250,1063,578,582,1116,496,719,453,855,489,534,619,644.1
"ugandan_village_friendship-12","Social,Offline",229,872,634,384,585,329,554,441,716,403,671,375,509.2
"ugandan_village_friendship-13","Social,Offline",183,809,603,439,516,411,382,532,431,645,313,353,462.5
"ugandan_village_friendship-14","Social,Offline",124,525,336,193,408,755,321,230,904,291,304,353,409.5
"ugandan_village_friendship-15","Social,Offline",120,274,228,409,322,192,565,945,395,437,301,487,428.1
"ugandan_village_friendship-16","Social,Offline",372,1372,790,716,958,560,855,872,1144,930,738,3191,1075.4
"ugandan_village_friendship-17","Social,Offline",65,257,167,464,265,261,123,223,114,860,134,101,271.2
"ugandan_village_friendship-2","Social,Offline",181,688,344,476,480,344,488,656,309,453,339,303,419.2
"ugandan_village_friendship-3","Social,Offline",192,1060,350,780,392,292,457,550,712,353,252,332,447
"ugandan_village_friendship-4","Social,Offline",320,2076,881,852,1796,640,859,810,660,476,632,650,825.6
"ugandan_village_friendship-5","Social,Offline",184,720,447,564,621,539,1142,537,346,409,485,501,559.1
"ugandan_village_friendship-6","Social,Offline",139,632,366,292,351,268,599,437,255,332,267,448,361.5
"ugandan_village_friendship-7","Social,Offline",121,770,204,284,513,249,240,198,374,353,458,273,314.6
"ugandan_village_friendship-8","Social,Offline",369,1753,916,1397,612,1224,684,722,621,699,912,709,849.6
"ugandan_village_friendship-9","Social,Offline",178,1070,288,414,465,310,300,820,341,227,320,416,390.1
"ugandan_village_health-advice_1","Social,Offline",187,431,300,371,708,338,825,426,408,683,409,347,481.5
"ugandan_village_health-advice_10","Social,Offline",204,820,725,374,730,355,448,452,470,3659,429,506,814.8
"ugandan_village_health-advice_11","Social,Offline",234,527,408,370,443,465,459,681,765,1545,348,916,640
"ugandan_village_health-advice_12","Social,Offline",218,534,529,489,492,371,555,442,483,833,398,898,549
"ugandan_village_health-advice_13","Social,Offline",157,286,341,913,480,335,612,271,418,385,1039,342,513.6
"ugandan_village_health-advice_14","Social,Offline",120,326,385,310,294,220,275,351,432,214,411,396,328.8
"ugandan_village_health-advice_15","Social,Offline",117,196,308,393,523,492,278,314,225,348,303,354,353.8
"ugandan_village_health-advice_16","Social,Offline",349,862,510,635,719,844,563,621,636,695,493,543,625.9
"ugandan_village_health-advice_17","Social,Offline",63,146,107,124,78,163,94,111,347,153,189,303,166.9
"ugandan_village_health-advice_2","Social,Offline",170,394,338,279,329,245,456,342,343,370,482,705,388.9
"ugandan_village_health-advice_3","Social,Offline",185,638,428,389,243,661,276,383,381,479,301,406,394.7
"ugandan_village_health-advice_4","Social,Offline",316,1045,780,669,600,617,692,666,577,610,526,758,649.5
"ugandan_village_health-advice_5","Social,Offline",166,386,457,257,264,450,382,393,313,299,268,274,335.7
"ugandan_village_health-advice_6","Social,Offline",131,284,285,249,260,291,374,266,366,468,253,265,307.7
"ugandan_village_health-advice_7","Social,Offline",121,473,200,221,198,303,239,298,282,298,456,487,298.2
"ugandan_village_health-advice_8","Social,Offline",361,1237,940,1387,1534,1012,673,1920,575,652,629,1070,1039.2
"ugandan_village_health-advice_9","Social,Offline",173,623,202,275,293,330,361,554,292,200,216,233,295.6
"us_airport_network_(top_500__2002)","Transportation",500,2980,1069,915,1008,1640,1066,925,949,965,1270,1194,1100.1
"water_distribution_network_1","Technological",1893,2418,13987,14012,12317,15988,15517,16586,20836,12403,13012,13314,14797.2
"water_distribution_network_2","Technological",873,957,15473,13590,9633,7049,10199,9842,13400,8252,8471,6406,10231.5
"water_distribution_network_3","Technological",1786,1992,12266,13712,11410,13335,12742,10156,10796,10680,13650,12554,12130.1
"webkb_webkb_cornell_cocite","Informational",346,13416,572,734,624,693,621,634,562,1225,1910,838,841.3
"webkb_webkb_cornell_link1","Informational",343,693,476,706,487,956,793,520,902,730,558,473,660.1
"webkb_webkb_texas_cocite","Informational",334,16494,602,610,926,835,925,635,728,647,544,588,704
"webkb_webkb_texas_link1","Informational",269,484,690,374,483,503,1832,441,606,387,355,509,618
"webkb_webkb_washington_cocite","Informational",434,15231,932,951,1013,777,892,686,734,941,951,810,868.7
"webkb_webkb_washington_link1","Informational",433,954,663,819,1004,676,837,1086,597,605,507,740,753.4
"webkb_webkb_wisconsin_cocite","Informational",348,16625,711,831,686,776,863,619,730,843,725,634,741.8
"webkb_webkb_wisconsin_link1","Informational",280,553,542,813,565,534,858,579,850,850,1017,1014,762.2
"wiki_science","Informational",677,6517,1605,1355,1558,1457,1803,1347,1851,1726,1828,1810,1634
"winnipeg_traffic_(2016)_1","Transportation",948,1384,7033,6525,5221,8011,8707,9953,5860,6621,6700,8564,7319.5
"winnipeg_traffic_(2016)_2","Transportation",1040,1595,7569,7039,7653,11164,5676,7615,6817,9451,6763,6322,7606.9
"word_adjacencies_of_david_copperfield","Informational",112,425,236,633,293,203,384,216,276,233,264,159,289.7
"word_adjacency_darwin","Informational",7377,44205,10607,10226,10052,9945,10068,10075,10279,10253,10669,10338,10251.2
"word_adjacency_french","Informational",8308,23832,9442,9280,9565,9491,9634,10206,9696,9945,10109,10179,9754.7
"word_adjacency_japanese","Informational",2698,7995,3426,3486,3395,3541,3494,3081,3475,3562,3935,3316,3471.1
"word_adjacency_spanish","Informational",11558,43050,14426,14200,14375,14428,13795,14332,14062,13906,14139,14635,14229.8
"word_assoc","Informational",23132,297094,41963,43289,41848,41649,42461,42804,43355,41036,42656,41238,42229.9
"world_subways_(2009)_1","Transportation",128,143,894,1509,1864,2141,654,1653,540,613,1652,1928,1344.8
"world_subways_(2009)_10","Transportation",104,114,896,932,760,1207,615,875,859,681,2107,618,955
"world_subways_(2009)_11","Transportation",170,182,2287,1969,1009,1701,1277,2599,1136,1540,1185,1494,1619.7
"world_subways_(2009)_12","Transportation",141,149,1982,3702,1459,746,2632,1311,1677,1655,1009,1854,1802.7
"world_subways_(2009)_2","Transportation",266,308,1551,2879,1707,2519,4862,3012,3868,2985,1900,2079,2736.2
"world_subways_(2009)_3","Transportation",209,240,908,1350,5254,1029,1019,2744,2708,2052,2103,3777,2294.4
"world_subways_(2009)_4","Transportation",147,164,1417,1266,1052,1411,2211,605,915,1121,1327,1095,1242
"world_subways_(2009)_5","Transportation",134,156,1511,1136,1197,462,1004,779,521,2080,1153,712,1055.5
"world_subways_(2009)_6","Transportation",433,475,4859,3955,2795,4412,2724,3667,4482,4338,4919,2874,3902.5
"world_subways_(2009)_7","Transportation",299,356,1011,1471,1675,2213,2473,2550,1961,2005,1592,1704,1865.5
"world_subways_(2009)_8","Transportation",148,158,1316,3231,2535,1376,1205,2026,1375,1279,2101,2704,1914.8
"world_subways_(2009)_9","Transportation",217,262,1375,1301,1035,985,1104,1178,5052,1463,1384,1153,1603
"yeast_transcription","Biological",664,1065,1575,1340,1435,2188,1350,1428,1263,1156,1186,1883,1480.4
"yu_yeast_interactomes_(2008)_1","Biological",964,1487,2067,2069,2328,2558,2116,2633,2207,1914,1915,1907,2171.4
"yu_yeast_interactomes_(2008)_2","Biological",1647,2518,3425,3549,3406,4718,3881,3911,3359,3774,2919,3760,3670.2
"zachary_karate_club_1","Social,Offline",34,76,51,81,149,51,75,47,51,45,38,36,62.4
"zachary_karate_club_2","Social,Offline",34,78,50,79,62,68,113,55,81,110,70,127,81.5
