"Node1","Node2"
1,2
1,8
1,9
1,11
1,15
1,31
1,38
1,45
1,62
1,69
1,76
1,87
1,93
1,180
1,182
1,272
1,295
1,298
1,330
2,107
2,152
2,288
3,14
3,115
3,314
4,332
5,29
6,20
6,33
6,321
7,182
9,10
9,60
9,69
11,275
11,276
12,13
12,60
12,182
13,16
13,22
14,309
14,312
15,111
15,221
16,19
16,24
17,66
17,167
17,262
18,29
19,21
19,23
20,241
20,245
21,26
21,113
21,274
22,237
22,249
25,47
25,129
25,316
26,36
26,158
27,28
27,37
27,69
28,29
28,249
29,32
30,32
31,46
31,82
31,83
31,85
31,88
31,98
31,111
32,34
32,35
33,48
33,95
33,321
34,42
34,54
35,78
35,90
38,39
38,52
39,40
39,52
39,53
39,55
40,41
40,43
41,55
41,141
43,44
43,51
43,188
44,49
44,279
45,81
45,82
48,74
48,251
49,50
49,181
50,184
50,186
52,76
53,65
53,67
53,76
55,56
56,57
56,227
57,59
57,148
58,132
59,212
59,216
59,218
60,69
61,245
61,251
61,253
62,65
62,81
63,64
63,68
63,148
63,216
64,67
64,70
64,72
64,227
65,67
65,76
66,195
66,267
68,222
68,226
70,71
70,226
71,73
71,207
71,218
71,220
72,73
72,77
73,75
73,79
73,192
73,205
73,299
75,193
75,201
75,204
78,263
78,264
80,233
80,267
80,269
81,301
82,83
83,84
83,85
84,85
84,86
85,202
86,88
86,190
86,191
87,92
87,235
87,250
87,330
88,202
89,191
90,103
90,116
91,163
91,164
91,173
91,224
92,94
92,272
93,273
93,288
94,95
94,119
94,161
95,96
95,160
95,247
96,99
96,100
97,121
97,160
97,161
99,106
99,118
99,247
99,248
101,104
101,105
101,272
102,132
105,106
105,118
105,123
106,108
106,117
107,122
107,137
108,109
108,110
108,112
108,117
109,112
109,289
111,126
112,115
112,300
114,151
115,311
115,322
116,268
116,270
117,313
118,247
119,120
119,250
120,121
120,161
121,213
123,124
123,272
125,146
126,139
126,167
126,208
126,225
127,129
127,135
127,272
128,168
128,187
128,189
128,236
128,273
129,130
130,134
130,159
131,132
131,133
131,143
131,159
135,138
135,319
136,146
139,154
139,304
140,326
141,153
141,165
141,181
142,143
142,159
142,298
143,144
144,145
144,150
144,151
145,146
145,149
147,169
147,303
147,317
148,227
150,151
150,155
152,168
152,178
156,157
156,272
156,298
158,271
158,274
160,308
162,195
162,250
162,267
164,166
164,170
165,177
165,277
167,208
168,187
168,273
168,288
170,171
170,172
174,175
174,176
174,224
179,187
181,183
182,332
183,184
183,280
183,281
184,185
184,283
187,310
189,203
189,217
191,202
193,194
193,196
194,198
194,200
195,208
196,197
196,294
199,329
204,205
204,297
205,206
207,209
207,296
208,225
209,210
209,293
211,331
212,214
212,215
213,267
213,308
215,285
215,287
215,290
216,219
216,222
217,224
217,232
217,246
217,320
218,219
218,296
219,220
220,226
221,225
221,330
222,226
223,331
228,262
229,262
230,231
230,267
230,302
233,267
233,307
234,238
234,282
234,306
235,250
235,330
236,325
236,326
239,282
240,269
241,242
241,243
243,244
243,245
249,323
251,252
253,254
253,278
254,255
254,260
255,256
255,259
256,257
256,305
258,286
261,286
262,267
264,265
264,266
269,282
273,288
273,295
274,286
284,291
291,292
291,296
295,303
303,329
303,332
308,321
315,316
316,318
317,324
317,327
324,325
324,328
325,326
329,331
